{
  "model/formatter.js": 1694436631740,
  "controller/List.controller.js": 1694439342180,
  "model/models.js": 1691001947369,
  "i18n/i18n.properties": 1691572497144,
  "controller/View6.controller.js": 1694437932661,
  "controller/View5.controller.js": 1694458900442,
  "controller/View4.controller.js": 1691727595350,
  "controller/View3.controller.js": 1691727548186,
  "controller/View2.controller.js": 1693997579813,
  "controller/View1.controller.js": 1693896475769,
  "manifest.json": 1694458942084,
  "controller/Integrationlist.controller.js": 1694438233561,
  "controller/Dataanalyticslist.controller.js": 1694438222629,
  "controller/App.controller.js": 1691001947373,
  "controller/AllEmployees.controller.js": 1694438191609,
  "Component.js": 1693672333066,
  "Component-preload.js": 1694458942588,
  "Component-dbg.js": 1693672333066,
  "model/formatter-dbg.js": 1694436631740,
  "controller/View6-dbg.controller.js": 1694437932661,
  "controller/View5-dbg.controller.js": 1694458900442,
  "controller/View4-dbg.controller.js": 1691727595350,
  "controller/View3-dbg.controller.js": 1691727548186,
  "controller/View2-dbg.controller.js": 1693997579813,
  "controller/View1-dbg.controller.js": 1693896475769,
  "controller/List-dbg.controller.js": 1694439342180,
  "controller/Integrationlist-dbg.controller.js": 1694438233561,
  "controller/Dataanalyticslist-dbg.controller.js": 1694438222629,
  "controller/App-dbg.controller.js": 1691001947373,
  "controller/AllEmployees-dbg.controller.js": 1694438191609,
  "model/models-dbg.js": 1691001947369,
  "view/View6.view.xml": 1693986476212,
  "view/View5.view.xml": 1694436481110,
  "view/View4.view.xml": 1693907771547,
  "view/View3.view.xml": 1693907764519,
  "view/View2.view.xml": 1693907756435,
  "view/View1.view.xml": 1693980778042,
  "view/List.view.xml": 1694438299964,
  "view/Integrationlist.view.xml": 1694438306740,
  "view/Edit.fragment.xml": 1694435596785,
  "view/Dataanalyticslist.view.xml": 1694438369883,
  "view/Change.fragment.xml": 1693812128436,
  "view/App.view.xml": 1691001947377,
  "view/AllEmployees.view.xml": 1694438098339,
  "images/default.jpg": 1693907205285,
  "images/3.jpg": 1693475325430,
  "images/1.jpg": 1693288972330,
  "css/style.css": 1694441132670,
  "index.html": 1691001947365
}