{
  "view/View6.view.xml": 1694675799534,
  "controller/View3.controller.js": 1691727548186,
  "model/models.js": 1691001947369,
  "model/formatter.js": 1694688716317,
  "controller/View6.controller.js": 1694437932661,
  "controller/View5.controller.js": 1695192567617,
  "controller/View4.controller.js": 1691727595350,
  "manifest.json": 1695201919626,
  "controller/View2.controller.js": 1693997579813,
  "controller/View1.controller.js": 1693896475769,
  "controller/List.controller.js": 1695195842355,
  "controller/Integrationlist.controller.js": 1695195889459,
  "controller/Dataanalyticslist.controller.js": 1695195905515,
  "controller/App.controller.js": 1691001947373,
  "controller/AllEmployees.controller.js": 1695201857992,
  "Component.js": 1693672333066,
  "Component-preload.js": 1695201920534,
  "model/models-dbg.js": 1691001947369,
  "model/formatter-dbg.js": 1694688716317,
  "controller/View6-dbg.controller.js": 1694437932661,
  "controller/View5-dbg.controller.js": 1695192567617,
  "controller/View4-dbg.controller.js": 1691727595350,
  "controller/View3-dbg.controller.js": 1691727548186,
  "controller/View2-dbg.controller.js": 1693997579813,
  "controller/View1-dbg.controller.js": 1693896475769,
  "controller/List-dbg.controller.js": 1695195842355,
  "controller/Integrationlist-dbg.controller.js": 1695195889459,
  "controller/Dataanalyticslist-dbg.controller.js": 1695195905515,
  "controller/App-dbg.controller.js": 1691001947373,
  "controller/AllEmployees-dbg.controller.js": 1695201857992,
  "Component-dbg.js": 1693672333066,
  "i18n/i18n.properties": 1691572497144,
  "view/View5.view.xml": 1695192492737,
  "view/View4.view.xml": 1693907771547,
  "view/View3.view.xml": 1693907764519,
  "view/View2.view.xml": 1693907756435,
  "view/View1.view.xml": 1693980778042,
  "view/List.view.xml": 1695195272174,
  "view/Integrationlist.view.xml": 1695194326699,
  "view/Edit.fragment.xml": 1694461434877,
  "view/Dataanalyticslist.view.xml": 1695190832346,
  "view/Change.fragment.xml": 1693812128436,
  "view/App.view.xml": 1691001947377,
  "view/AllEmployees.view.xml": 1695190762854,
  "images/logo.jpg": 1694676972916,
  "images/default-girl.jpg": 1695196008667,
  "images/default-boy.jpg": 1693907205285,
  "images/3.jpg": 1693475325430,
  "images/1.jpg": 1693288972330,
  "css/style.css": 1695195771128,
  "index.html": 1691001947365
}