{
  "view/View6.view.xml": 1695398866225,
  "model/models.js": 1691001947369,
  "manifest.json": 1695399066126,
  "model/formatter.js": 1694688716317,
  "controller/View6.controller.js": 1695397081483,
  "controller/View5.controller.js": 1695397040104,
  "controller/View4.controller.js": 1691727595350,
  "controller/View3.controller.js": 1691727548186,
  "controller/View2.controller.js": 1693997579813,
  "controller/View1.controller.js": 1693896475769,
  "controller/List.controller.js": 1695285395978,
  "controller/Integrationlist.controller.js": 1695285372054,
  "controller/Dataanalyticslist.controller.js": 1695366397302,
  "controller/App.controller.js": 1691001947373,
  "controller/AllEmployees.controller.js": 1695285489049,
  "Component.js": 1693672333066,
  "Component-preload.js": 1695399066719,
  "controller/View5-dbg.controller.js": 1695397040104,
  "model/formatter-dbg.js": 1694688716317,
  "controller/View6-dbg.controller.js": 1695397081483,
  "model/models-dbg.js": 1691001947369,
  "controller/View4-dbg.controller.js": 1691727595350,
  "controller/View3-dbg.controller.js": 1691727548186,
  "controller/View2-dbg.controller.js": 1693997579813,
  "controller/View1-dbg.controller.js": 1693896475769,
  "controller/List-dbg.controller.js": 1695285395978,
  "controller/Integrationlist-dbg.controller.js": 1695285372054,
  "controller/Dataanalyticslist-dbg.controller.js": 1695366397302,
  "controller/App-dbg.controller.js": 1691001947373,
  "controller/AllEmployees-dbg.controller.js": 1695285489049,
  "Component-dbg.js": 1693672333066,
  "i18n/i18n.properties": 1691572497144,
  "view/View5.view.xml": 1695387638015,
  "view/View4.view.xml": 1693907771547,
  "view/View3.view.xml": 1693907764519,
  "view/View2.view.xml": 1693907756435,
  "view/View1.view.xml": 1695379059749,
  "view/List.view.xml": 1695379413533,
  "view/Integrationlist.view.xml": 1695379350974,
  "view/Edit.fragment.xml": 1694461434877,
  "view/Dataanalyticslist.view.xml": 1695379392293,
  "view/Change.fragment.xml": 1693812128436,
  "view/App.view.xml": 1691001947377,
  "view/AllEmployees.view.xml": 1695379424020,
  "images/logo.png": 1695364039426,
  "images/logo.jpg": 1694676972916,
  "images/default-girl.jpg": 1695290865980,
  "images/default-boy.jpg": 1695290865084,
  "images/3.jpg": 1693475325430,
  "images/1.jpg": 1693288972330,
  "css/style.css": 1695397529732,
  "index.html": 1691001947365
}